epoch,reward,mean_vloss
0,-593.25,4.2837443351745605
1,-612.5,4.206615447998047
2,-712.75,4.164060115814209
3,-607.5,4.243947982788086
4,-678.25,4.166536331176758
5,-589.75,4.198977947235107
6,-685.25,4.196202278137207
7,-664.5,4.131232738494873
8,-565.5,4.030367374420166
9,-632.25,4.080417633056641
10,-601.75,3.886559009552002
11,-564.75,4.037756443023682
12,-635.5,3.9306106567382812
13,-646.5,3.837566375732422
14,-612.0,3.8123414516448975
15,-630.25,3.8724093437194824
16,-627.5,3.798870801925659
17,-627.5,3.8890295028686523
18,-668.5,3.905341863632202
19,-639.0,3.8666656017303467
20,-692.75,3.6771509647369385
21,-595.75,3.6647660732269287
22,-646.25,3.7399444580078125
23,-680.0,3.690985918045044
24,-551.5,3.560276746749878
25,-599.25,3.6131486892700195
26,-627.75,3.6258962154388428
27,-553.25,3.5901737213134766
28,-654.75,3.552370548248291
29,-711.0,3.6442902088165283
30,-649.0,3.7156248092651367
31,-672.5,3.575263500213623
32,-596.75,3.5066308975219727
33,-653.75,3.3991103172302246
34,-664.0,3.454796075820923
35,-643.25,3.4868741035461426
36,-624.5,3.5065484046936035
37,-717.25,3.6363065242767334
38,-597.75,3.393922805786133
39,-623.5,3.3658607006073
40,-581.25,3.2725765705108643
41,-630.5,3.451253890991211
42,-689.75,3.378314256668091
43,-660.75,3.3002123832702637
44,-650.75,3.389803171157837
45,-659.75,3.4402034282684326
46,-706.25,3.3155174255371094
47,-610.0,3.1692392826080322
48,-640.25,3.1336004734039307
49,-587.75,3.279435873031616
50,-709.75,3.2520198822021484
51,-624.25,3.2966485023498535
52,-640.5,3.2388243675231934
53,-568.75,3.1772680282592773
54,-617.25,3.120964288711548
55,-697.0,3.2215511798858643
56,-622.25,3.0690319538116455
57,-695.0,3.168006181716919
58,-589.5,3.082793712615967
59,-719.25,3.106321334838867
60,-642.0,3.1729063987731934
61,-745.75,3.0591912269592285
62,-628.75,3.0350136756896973
63,-637.0,2.974369525909424
64,-594.0,2.982816457748413
65,-580.0,2.995217800140381
66,-635.75,2.984894037246704
67,-628.0,2.906273603439331
68,-651.0,3.1320457458496094
69,-567.0,2.9660356044769287
70,-607.5,2.958436965942383
71,-580.25,2.9781665802001953
72,-639.5,2.8979315757751465
73,-610.75,2.9090776443481445
74,-568.0,2.919795036315918
75,-640.0,2.910914659500122
76,-618.0,2.8961198329925537
77,-614.5,2.917253255844116
78,-593.0,2.8371946811676025
79,-601.0,2.8309402465820312
80,-607.5,2.796375274658203
81,-745.25,2.8988356590270996
82,-642.0,2.831618547439575
83,-630.75,2.776360511779785
84,-640.5,2.8817896842956543
85,-610.25,2.836077928543091
86,-648.5,2.7334492206573486
87,-597.25,2.767970085144043
88,-677.0,2.7603397369384766
89,-645.5,2.788764476776123
90,-585.5,2.8171961307525635
91,-634.5,2.678307294845581
92,-647.5,2.8037312030792236
93,-677.25,2.8471429347991943
94,-642.25,2.60919189453125
95,-622.25,2.6614480018615723
96,-598.25,2.56282377243042
97,-599.0,2.574044704437256
98,-672.0,2.5850374698638916
99,-668.75,2.6313796043395996
100,-609.75,2.613114595413208
101,-564.25,2.7067041397094727
102,-634.5,2.6315572261810303
103,-617.0,2.4625563621520996
104,-602.0,2.6380057334899902
105,-659.25,2.535165309906006
106,-610.75,2.5042481422424316
107,-616.5,2.6017372608184814
108,-672.0,2.5959529876708984
109,-641.0,2.5186543464660645
110,-642.25,2.488736152648926
111,-607.5,2.4976813793182373
112,-620.25,2.4055252075195312
113,-611.5,2.4282126426696777
114,-589.0,2.3357369899749756
115,-591.75,2.382157325744629
116,-644.75,2.381122589111328
117,-668.75,2.5160603523254395
118,-581.25,2.552964210510254
119,-685.0,2.615719795227051
120,-607.25,2.384220600128174
121,-598.5,2.411280393600464
122,-639.25,2.414100170135498
123,-629.0,2.44781494140625
124,-622.0,2.333867073059082
125,-688.5,2.403179168701172
126,-665.5,2.498408555984497
127,-683.5,2.365067481994629
128,-647.25,2.4331417083740234
129,-621.75,2.3845326900482178
130,-624.25,2.330820083618164
131,-637.0,2.2591938972473145
132,-553.75,2.3473525047302246
133,-718.0,2.390437602996826
134,-638.0,2.295532703399658
135,-643.75,2.3080716133117676
136,-592.0,2.2748281955718994
137,-647.25,2.289193630218506
138,-561.25,2.402130365371704
139,-673.25,2.481293201446533
140,-612.25,2.29915189743042
141,-557.25,2.070838689804077
142,-564.25,2.1988635063171387
143,-644.75,2.0758259296417236
144,-593.0,2.2299094200134277
145,-609.0,2.2529752254486084
146,-544.25,2.254128932952881
147,-647.75,2.1843132972717285
148,-644.5,2.3388633728027344
149,-593.75,2.1447830200195312
150,-622.0,2.2905728816986084
151,-677.0,2.1785197257995605
152,-754.5,2.2888970375061035
153,-669.0,2.102412462234497
154,-580.75,2.2817583084106445
155,-688.25,2.1401772499084473
156,-661.0,2.2717435359954834
157,-644.5,2.1287903785705566
158,-618.25,2.156856060028076
159,-638.5,2.076547861099243
160,-704.75,2.2274041175842285
161,-637.0,2.0059258937835693
162,-581.0,2.125457763671875
163,-639.25,1.966636061668396
164,-613.5,2.0673694610595703
165,-631.75,2.0264368057250977
166,-665.75,2.045869827270508
167,-633.5,2.1360645294189453
168,-667.5,1.9542533159255981
169,-574.25,2.1431753635406494
170,-655.25,2.058199882507324
171,-629.0,1.9545453786849976
172,-579.75,1.9071112871170044
173,-557.0,2.064685821533203
174,-564.0,1.960390329360962
175,-650.5,2.0033912658691406
176,-618.25,2.055690288543701
177,-663.75,1.9140589237213135
178,-575.75,2.1017706394195557
179,-595.25,2.0239028930664062
180,-648.75,2.0536961555480957
181,-605.75,1.953932762145996
182,-682.0,1.8774830102920532
183,-672.75,1.8867512941360474
184,-587.5,1.8130218982696533
185,-695.0,1.8396177291870117
186,-626.75,2.0683250427246094
187,-600.5,1.850885272026062
188,-669.25,1.7799031734466553
189,-721.25,2.0430917739868164
190,-696.0,2.007955551147461
191,-663.75,1.8910627365112305
192,-677.25,1.764172077178955
193,-702.0,1.8534786701202393
194,-689.75,1.7896159887313843
195,-618.5,1.8928476572036743
196,-607.75,1.7898211479187012
197,-653.0,1.742232084274292
198,-636.0,1.9144327640533447
199,-646.5,1.7264810800552368
200,-635.25,1.8294142484664917
201,-762.75,1.785456657409668
202,-674.75,1.7507225275039673
203,-599.75,1.7948060035705566
204,-641.0,1.6880756616592407
205,-625.75,1.8737125396728516
206,-631.25,1.7816073894500732
207,-615.5,1.8079432249069214
208,-568.25,1.8383805751800537
209,-620.25,1.8778709173202515
210,-653.25,1.6523103713989258
211,-648.25,1.6435809135437012
212,-594.75,1.694425344467163
213,-675.5,1.5881853103637695
214,-656.75,1.593881607055664
215,-601.75,1.7436155080795288
216,-681.75,1.8868588209152222
217,-635.25,1.7905641794204712
218,-583.25,1.5688202381134033
219,-558.5,1.6064767837524414
220,-701.0,1.7251026630401611
221,-694.5,1.5289456844329834
222,-675.5,1.7969379425048828
223,-620.25,1.874536395072937
224,-559.25,1.7278460264205933
225,-635.25,1.6455714702606201
226,-604.25,1.8876967430114746
227,-641.25,1.5303280353546143
228,-684.75,1.6702004671096802
229,-587.25,1.5444380044937134
230,-650.25,1.9403471946716309
231,-646.5,1.6542547941207886
232,-690.0,1.5644675493240356
233,-620.5,1.61106538772583
234,-688.0,1.5966217517852783
235,-552.75,1.9362910985946655
236,-652.0,1.9802536964416504
237,-591.25,1.5484373569488525
238,-613.25,1.5813556909561157
239,-648.25,1.7795238494873047
240,-689.25,1.5375311374664307
241,-649.0,1.4984703063964844
242,-614.25,1.7817914485931396
243,-660.25,1.4813679456710815
244,-685.25,1.508305311203003
245,-687.0,1.7243876457214355
246,-753.75,1.4977169036865234
247,-627.25,1.5327709913253784
248,-625.0,1.793841004371643
249,-586.0,1.521225929260254
250,-643.0,1.555968999862671
251,-657.75,1.476946473121643
252,-638.25,1.7191884517669678
253,-664.0,1.4116811752319336
254,-659.0,1.5311516523361206
255,-628.75,1.5216587781906128
256,-577.0,1.5401650667190552
257,-607.25,1.458742380142212
258,-559.5,1.4918233156204224
259,-617.25,1.5973166227340698
260,-633.5,1.4846665859222412
261,-591.25,1.429734706878662
262,-633.5,1.535958170890808
263,-687.25,1.349708080291748
264,-625.25,1.3546620607376099
265,-631.0,1.6536719799041748
266,-668.75,1.6507856845855713
267,-636.5,1.6576789617538452
268,-706.0,1.296401023864746
269,-568.25,1.4878586530685425
270,-691.0,1.2340707778930664
271,-527.75,1.2578561305999756
272,-568.75,1.3314558267593384
273,-597.25,1.4681406021118164
274,-584.0,1.3798588514328003
275,-624.75,1.254258394241333
276,-596.75,1.4779133796691895
277,-552.25,1.5539886951446533
278,-611.5,1.1490907669067383
279,-561.75,1.5239895582199097
280,-629.75,1.2636492252349854
281,-582.5,1.2653648853302002
282,-642.0,1.573865294456482
283,-664.75,1.4386478662490845
284,-643.0,1.472115159034729
285,-735.25,1.489054799079895
286,-576.75,1.5241209268569946
287,-598.0,1.1567847728729248
288,-654.5,1.2255040407180786
289,-647.75,1.412209391593933
290,-702.25,1.2586947679519653
291,-701.75,1.6830649375915527
292,-665.25,1.1799448728561401
293,-614.25,1.4454017877578735
294,-669.75,1.1201481819152832
295,-608.25,1.1800053119659424
296,-652.75,1.445371150970459
297,-632.0,1.2867666482925415
298,-628.5,1.2788958549499512
299,-692.25,1.2103602886199951
300,-586.0,1.5143182277679443
301,-597.25,1.2595380544662476
302,-637.25,1.157593011856079
303,-613.0,1.4608616828918457
304,-605.5,1.192814588546753
305,-564.5,1.3215231895446777
306,-552.75,1.308807134628296
307,-610.0,1.1806001663208008
308,-597.5,1.296479344367981
309,-646.75,1.2812552452087402
310,-575.5,1.1569064855575562
311,-642.5,1.4752460718154907
312,-660.0,1.1968632936477661
313,-606.0,1.011090636253357
314,-659.0,1.0261404514312744
315,-565.75,1.5429983139038086
316,-611.25,1.386890172958374
317,-692.0,1.0655434131622314
318,-655.5,1.3626753091812134
319,-589.0,1.1103897094726562
320,-611.0,1.043243646621704
321,-636.75,1.3859574794769287
322,-656.5,1.1518975496292114
323,-664.0,1.2380956411361694
324,-698.25,1.0851274728775024
325,-641.25,1.4122451543807983
326,-582.0,1.223984718322754
327,-649.5,1.1801016330718994
328,-684.75,1.2618720531463623
329,-546.25,1.783428430557251
330,-602.5,1.210944652557373
331,-660.5,1.17230224609375
332,-634.25,1.359515905380249
333,-619.25,1.0506447553634644
334,-577.25,0.8643220663070679
335,-648.0,1.044581413269043
336,-613.0,1.2074689865112305
337,-681.5,1.614408016204834
338,-625.25,1.106058955192566
339,-674.0,0.8616844415664673
340,-601.25,1.1718695163726807
341,-596.5,1.2466166019439697
342,-594.5,1.1687922477722168
343,-628.25,1.1328970193862915
344,-581.0,1.1980928182601929
345,-637.25,0.9792705774307251
346,-595.75,1.0062541961669922
347,-632.25,1.0651570558547974
348,-570.0,0.9870480895042419
349,-650.5,1.0842761993408203
350,-603.5,1.0314481258392334
351,-620.75,1.1265299320220947
352,-649.5,1.0209133625030518
353,-611.25,1.082566738128662
354,-636.75,1.3117634057998657
355,-699.25,1.009111762046814
356,-609.0,1.0922844409942627
357,-660.75,1.3138331174850464
358,-655.75,1.5292869806289673
359,-626.25,1.2253758907318115
360,-616.75,1.053135871887207
361,-630.25,1.1822854280471802
362,-636.5,1.0413025617599487
363,-653.25,1.1182668209075928
364,-680.5,0.9010607600212097
365,-583.0,1.487459421157837
366,-674.0,0.9822679162025452
367,-637.25,1.0758087635040283
368,-622.25,0.9893853068351746
369,-566.25,1.1906346082687378
370,-584.75,1.0478507280349731
371,-714.75,1.2357650995254517
372,-612.5,1.2487443685531616
373,-606.0,0.9073620438575745
374,-659.5,0.9276642799377441
375,-641.25,1.0387611389160156
376,-573.5,0.8287805318832397
377,-664.25,0.9936937093734741
378,-633.5,0.8743565082550049
379,-631.0,1.3184373378753662
380,-655.0,0.9732121825218201
381,-654.0,1.1142195463180542
382,-643.75,0.9501129984855652
383,-662.5,0.7696439623832703
384,-666.5,0.9864091873168945
385,-664.0,0.8800994157791138
386,-621.25,0.9742633104324341
387,-650.5,1.1004838943481445
388,-661.0,1.0223944187164307
389,-617.0,1.1196727752685547
390,-624.75,0.8737087845802307
391,-602.25,1.3199466466903687
392,-638.25,1.04227876663208
393,-705.5,1.217721700668335
394,-625.0,1.0591764450073242
395,-625.75,0.9269030690193176
396,-598.5,1.0356714725494385
397,-597.5,0.9613690376281738
398,-654.5,1.0471622943878174
399,-701.75,0.6815913319587708
400,-647.5,1.013330101966858
401,-593.5,0.7736523151397705
402,-619.0,0.9345943927764893
403,-629.25,0.9568098783493042
404,-612.75,0.7530581951141357
405,-612.75,1.0439236164093018
406,-662.25,0.835188627243042
407,-596.25,1.122694492340088
408,-623.25,0.8211404085159302
409,-658.0,0.8232786655426025
410,-618.75,0.8645845651626587
411,-599.25,0.666893720626831
412,-609.0,0.9432092905044556
413,-641.75,1.0092264413833618
414,-631.5,0.8692802786827087
415,-727.75,1.0495469570159912
416,-640.75,0.7112054824829102
417,-589.5,1.1852957010269165
418,-714.75,0.8074787259101868
419,-675.5,0.7232885956764221
420,-659.75,0.7442725896835327
421,-631.75,0.935267448425293
422,-623.5,0.7892448902130127
423,-584.75,0.8256809711456299
424,-622.0,0.6848993897438049
425,-631.5,1.1688240766525269
426,-675.0,0.8668057918548584
427,-661.25,0.7830846905708313
428,-608.0,0.9230729341506958
429,-699.75,1.1295808553695679
430,-610.5,0.8559238910675049
431,-637.75,0.931932806968689
432,-631.5,0.7779850363731384
433,-622.5,0.8214526176452637
434,-687.75,0.8052197098731995
435,-665.25,0.9991416931152344
436,-664.0,1.0053691864013672
437,-623.5,0.705612063407898
438,-597.5,1.026923656463623
439,-585.25,1.0136117935180664
440,-737.75,0.950428307056427
441,-621.5,0.9801942110061646
442,-560.25,0.8166258931159973
443,-611.75,0.8231898546218872
444,-644.5,0.8556387424468994
445,-686.0,0.9934921264648438
446,-593.0,0.7741273045539856
447,-661.75,0.6889640092849731
448,-547.5,1.087041974067688
449,-613.0,0.9344505071640015
450,-703.25,0.8709951639175415
451,-696.0,0.6257203817367554
452,-670.25,1.005202293395996
453,-632.25,1.083924412727356
454,-589.75,0.7549681663513184
455,-706.0,0.8556948304176331
456,-615.0,1.0998833179473877
457,-590.0,0.834149956703186
458,-609.5,0.782975435256958
459,-602.0,0.8114442825317383
460,-620.5,0.7155117988586426
461,-671.75,0.9381618499755859
462,-607.0,0.6146854758262634
463,-612.0,0.564080536365509
464,-727.75,0.8755851984024048
465,-724.5,0.8537111282348633
466,-610.5,0.8144047856330872
467,-642.25,0.5444523096084595
468,-704.25,0.8563086986541748
469,-578.75,0.6832558512687683
470,-609.75,1.0038877725601196
471,-580.5,0.5629802942276001
472,-723.0,0.8196028470993042
473,-591.75,0.7609810829162598
474,-670.0,0.9311656951904297
475,-770.0,0.6773350238800049
476,-597.25,0.806731104850769
477,-587.25,0.9808366298675537
478,-665.75,0.905474066734314
479,-753.5,0.8810735940933228
480,-631.0,0.7930154204368591
481,-545.5,0.7222206592559814
482,-602.5,0.8222758173942566
483,-607.25,0.8897818326950073
484,-621.75,1.0325098037719727
485,-603.75,1.5957865715026855
486,-645.25,0.7212948799133301
487,-652.25,0.6649486422538757
488,-613.0,0.9720381498336792
489,-576.5,0.9269496202468872
490,-628.5,0.8308056592941284
491,-570.75,0.9977425932884216
492,-678.0,0.9085506200790405
493,-674.5,0.622123122215271
494,-593.0,0.6131826639175415
495,-562.5,0.7045168876647949
496,-616.25,0.6721106767654419
497,-679.0,0.6801863312721252
498,-615.75,1.3234891891479492
499,-724.25,0.7945215106010437
500,-558.0,0.7037740349769592
501,-590.25,0.5695264935493469
502,-681.25,0.4597027599811554
503,-661.25,1.168885588645935
504,-634.5,1.1170703172683716
505,-720.5,1.0722769498825073
506,-572.75,0.6406354308128357
507,-673.75,0.5978748798370361
508,-700.25,0.8087236881256104
509,-640.75,0.8050302267074585
510,-626.0,0.8307254314422607
511,-609.0,0.6239453554153442
512,-679.0,0.5922921895980835
513,-632.25,0.6369295120239258
514,-695.25,0.9309298992156982
515,-576.75,0.921109676361084
516,-689.25,0.8331061005592346
517,-660.0,0.8173768520355225
518,-647.75,1.089078426361084
519,-623.75,0.9339150190353394
520,-572.25,0.7957333326339722
521,-661.5,0.5937398672103882
522,-623.75,0.6616699695587158
523,-614.5,1.110093116760254
524,-576.75,0.8157001733779907
525,-602.25,0.9642758965492249
526,-613.5,0.7825804948806763
527,-648.75,0.8569955825805664
528,-682.5,0.6073582172393799
529,-589.0,0.9683409929275513
530,-656.75,0.6348606944084167
531,-640.0,1.0063979625701904
532,-605.25,0.43633854389190674
533,-601.25,0.5492740273475647
534,-650.5,0.6176955103874207
535,-642.5,0.7805202603340149
536,-644.0,0.522599995136261
537,-611.5,0.9041978120803833
538,-698.75,0.6415889263153076
539,-614.5,0.6950164437294006
540,-595.25,1.0411522388458252
541,-590.5,0.5767872333526611
542,-663.75,1.0384325981140137
543,-596.5,0.9272204041481018
544,-650.5,0.7968434691429138
545,-652.25,0.7281343936920166
546,-625.0,0.8518177270889282
547,-667.0,0.8933416604995728
548,-603.25,0.6622486114501953
549,-684.5,0.5553277134895325
550,-638.0,0.91840660572052
551,-658.75,0.7873942255973816
552,-599.0,0.5331211686134338
553,-614.75,0.9201412796974182
554,-546.5,0.7712478637695312
555,-648.75,1.0272060632705688
556,-616.75,0.45610395073890686
557,-542.5,0.5215922594070435
558,-623.75,0.9964652061462402
559,-675.25,0.7026119828224182
560,-699.5,0.6027491092681885
561,-608.25,0.583980143070221
562,-619.25,0.6875327229499817
563,-604.0,0.7624186873435974
564,-690.5,0.7391335368156433
565,-636.0,0.5153301954269409
566,-600.75,0.5644347667694092
567,-611.75,0.6000626683235168
568,-698.5,0.5343620777130127
569,-669.5,0.7508269548416138
570,-627.75,0.5555934906005859
571,-601.5,0.5303292274475098
572,-587.25,0.7039152979850769
573,-651.75,0.9123128056526184
574,-553.75,0.7550545930862427
575,-633.0,0.811420738697052
576,-747.5,0.7615013122558594
577,-667.5,0.8452997207641602
578,-689.5,0.6226218342781067
579,-586.75,0.6538827419281006
580,-599.25,0.6458683013916016
581,-606.75,1.0814893245697021
582,-636.25,0.6754604578018188
583,-551.5,0.7955463528633118
584,-689.0,0.7225769758224487
585,-651.0,0.8626147508621216
586,-582.0,0.9718928337097168
587,-606.25,0.6531714797019958
588,-581.75,0.6812355518341064
589,-604.0,0.8294320106506348
590,-617.75,0.7848622798919678
591,-632.25,0.7588584423065186
592,-656.0,0.4610415995121002
593,-700.75,0.7259353399276733
594,-589.0,0.6757095456123352
595,-621.0,1.2134133577346802
596,-640.0,0.6319579482078552
597,-641.0,0.7132773399353027
598,-569.75,0.6605303287506104
599,-596.0,0.6649715304374695
600,-620.75,0.9108113050460815
601,-677.25,0.6757055521011353
602,-581.5,0.4438178539276123
603,-680.5,0.5819131135940552
604,-614.25,0.47431641817092896
605,-660.25,0.7284936904907227
606,-635.0,0.4833908975124359
607,-623.0,0.5580154657363892
608,-605.25,0.7367681860923767
609,-668.5,0.6134358048439026
610,-572.75,0.9333537220954895
611,-638.25,0.9226847887039185
612,-692.5,0.6816706657409668
613,-736.0,0.813330352306366
614,-628.0,0.6854567527770996
615,-685.25,0.7973893880844116
616,-543.0,0.5667402744293213
617,-652.75,0.6587066650390625
618,-711.0,0.7169536352157593
619,-616.5,0.6982799172401428
620,-635.5,0.524103581905365
621,-536.75,0.9290304780006409
622,-584.75,0.47431516647338867
623,-639.75,0.7075419425964355
624,-585.75,1.2700575590133667
625,-647.25,0.5762326121330261
626,-587.0,0.5615198612213135
627,-655.0,0.6839956045150757
628,-715.0,1.0366640090942383
629,-697.25,0.5620483756065369
630,-593.25,0.7730215191841125
631,-617.25,0.694887638092041
632,-584.0,0.5658504962921143
633,-631.0,1.0140576362609863
634,-626.5,0.7667778134346008
635,-564.25,1.0368916988372803
636,-593.0,0.6970508098602295
637,-630.5,0.5138382911682129
638,-593.75,0.8506104350090027
639,-665.5,0.4828188717365265
640,-649.5,0.9085401892662048
641,-555.75,0.7964197397232056
642,-645.5,0.43265509605407715
643,-586.75,0.4838046133518219
644,-634.75,0.8075301647186279
645,-612.5,0.5345135927200317
646,-663.25,0.43443915247917175
647,-615.25,0.939224123954773
648,-599.75,0.4340640604496002
649,-528.5,0.6491044759750366
650,-642.25,0.7956543564796448
651,-632.25,1.0363317728042603
652,-626.75,0.662270188331604
653,-717.0,0.5625895857810974
654,-626.25,0.7389723062515259
655,-600.25,0.7649253606796265
656,-655.5,0.9257242679595947
657,-646.0,0.8031034469604492
658,-663.75,0.5609584450721741
659,-571.75,0.8716381788253784
660,-640.5,0.4151381552219391
661,-748.25,0.5408019423484802
662,-688.75,0.583174467086792
663,-562.5,0.6722464561462402
664,-585.75,1.2371923923492432
665,-625.0,0.5324534177780151
666,-622.5,0.4175272583961487
667,-630.75,0.7950489521026611
668,-652.5,0.4394705891609192
669,-644.0,0.43345367908477783
670,-559.0,0.6083543300628662
671,-603.5,0.5249775648117065
672,-647.25,0.8086507320404053
673,-654.0,0.7756833434104919
674,-590.75,0.8024517893791199
675,-552.75,1.1586148738861084
676,-673.5,0.6851274371147156
677,-605.75,0.39423245191574097
678,-654.25,0.9263039231300354
679,-632.25,0.6982939839363098
680,-659.25,0.9374533891677856
681,-625.25,1.0049998760223389
682,-634.5,0.9801580905914307
683,-575.0,0.8723666071891785
684,-596.5,0.8849264979362488
685,-680.25,1.1794171333312988
686,-662.5,0.8165967464447021
687,-649.25,0.35461825132369995
688,-636.25,0.6381050944328308
689,-658.25,0.8266231417655945
690,-599.0,1.1139540672302246
691,-602.25,0.6015933156013489
692,-660.25,0.913158655166626
693,-565.75,0.7431063652038574
694,-583.5,0.55345219373703
695,-605.0,0.43791091442108154
696,-615.5,0.9970877170562744
697,-651.25,0.8736737370491028
698,-612.5,0.7386459112167358
699,-616.75,1.1012541055679321
700,-555.75,0.6384974718093872
701,-585.25,1.038894772529602
702,-686.5,0.5577213764190674
703,-610.5,0.627009391784668
704,-568.25,0.383314311504364
705,-568.5,0.42880409955978394
706,-527.25,0.6127335429191589
707,-562.25,0.7663825154304504
708,-656.25,0.975430965423584
709,-598.5,1.0736507177352905
710,-636.75,0.8468059301376343
711,-607.5,0.6873615384101868
712,-630.75,0.38190269470214844
713,-651.25,0.6643474698066711
714,-646.5,1.2604625225067139
715,-583.5,0.6597148180007935
716,-619.0,0.6812623739242554
717,-604.0,0.5808603167533875
718,-632.5,0.843819260597229
719,-687.25,0.6091302633285522
720,-640.25,0.5723466873168945
721,-628.25,0.6281917095184326
722,-622.75,0.4072340726852417
723,-695.25,0.3709012567996979
724,-666.75,0.9426711797714233
725,-620.25,0.8330298662185669
726,-621.0,0.6389807462692261
727,-729.0,0.5697765350341797
728,-617.5,0.7175416946411133
729,-651.75,0.579242467880249
730,-728.5,0.6192656755447388
731,-609.75,0.34357041120529175
732,-684.5,0.42248696088790894
733,-566.25,0.4591566324234009
734,-612.25,0.6366325616836548
735,-708.0,0.6444604396820068
736,-631.25,0.7671396732330322
737,-693.25,0.6874427795410156
738,-622.25,0.9992033243179321
739,-645.75,0.7296029925346375
740,-647.25,0.9368380904197693
741,-600.25,0.7629225254058838
742,-658.5,0.6332990527153015
743,-569.0,0.6654296517372131
744,-591.0,0.42845991253852844
745,-631.75,0.5112022161483765
746,-584.5,0.9405041337013245
747,-596.5,0.5877838730812073
748,-647.25,0.6360739469528198
749,-650.75,0.6936707496643066
750,-708.25,0.6472656726837158
751,-552.5,0.9113547801971436
752,-629.75,1.130442500114441
753,-555.75,0.4707949757575989
754,-633.75,0.47002094984054565
755,-599.0,0.8602719902992249
756,-626.0,0.46789562702178955
757,-633.25,0.587309718132019
758,-610.0,0.7896818518638611
759,-602.5,0.9141069054603577
760,-672.25,0.5158368945121765
761,-615.0,0.8439755439758301
762,-642.75,0.47271326184272766
763,-592.0,0.5163598656654358
764,-615.0,1.187697410583496
765,-589.25,0.7616500854492188
766,-645.0,0.5170641541481018
767,-605.5,0.5953740477561951
768,-696.0,0.4526226818561554
769,-594.25,0.9403387904167175
770,-649.25,0.3979310393333435
771,-644.75,0.5068715214729309
772,-662.5,0.5945786237716675
773,-565.0,1.3510605096817017
774,-650.75,0.6259523630142212
775,-599.0,0.6564942598342896
776,-616.75,0.5286621451377869
777,-682.75,0.7746574878692627
778,-581.75,0.6505159139633179
779,-603.75,0.6297034025192261
780,-623.0,0.8563446402549744
781,-618.75,0.620349645614624
782,-712.75,0.9099482893943787
783,-624.25,0.832791805267334
784,-632.25,0.836411714553833
785,-594.5,0.46602845191955566
786,-671.75,0.5598018765449524
787,-636.75,0.6787813901901245
788,-655.0,1.0991724729537964
789,-622.25,0.760940670967102
790,-596.0,0.676480770111084
791,-688.0,0.5275763273239136
792,-573.0,0.7520753741264343
793,-559.75,0.9041165113449097
794,-597.25,0.8625002503395081
795,-608.25,0.5003684759140015
796,-596.25,0.8864902853965759
797,-616.5,0.8409189581871033
798,-622.75,0.7640105485916138
799,-594.75,0.7911500930786133
800,-689.75,0.37951236963272095
801,-687.75,0.774545431137085
802,-610.25,0.44551771879196167
803,-624.5,0.6764994859695435
804,-633.5,0.692881166934967
805,-620.25,0.6991456747055054
806,-669.0,0.36675456166267395
807,-599.75,0.783861517906189
808,-613.75,0.7092979550361633
809,-578.0,0.45685654878616333
810,-581.25,0.3839864134788513
811,-630.75,1.1354551315307617
812,-579.5,0.6903350353240967
813,-599.75,0.7482656836509705
814,-687.5,0.6570197343826294
815,-616.25,0.9926375150680542
816,-589.75,0.41819486021995544
817,-576.0,1.6461730003356934
818,-627.25,0.40126174688339233
819,-681.0,0.3501494526863098
820,-573.0,0.5566396713256836
821,-676.25,0.9836927652359009
822,-642.25,0.5052431225776672
823,-609.0,0.7627847194671631
824,-595.75,0.8348891139030457
825,-663.5,0.5464449524879456
826,-677.25,0.5765308141708374
827,-579.0,0.6475441455841064
828,-678.75,0.4263414144515991
829,-592.25,0.5876035094261169
830,-608.0,0.4671986401081085
831,-654.75,1.2580662965774536
832,-591.75,0.5361906886100769
833,-589.0,1.4981715679168701
834,-593.5,0.6362961530685425
835,-632.75,0.7675750255584717
836,-651.0,0.990850567817688
837,-634.25,0.38809895515441895
838,-617.0,0.7034975290298462
839,-610.75,0.8763312697410583
840,-592.5,0.464224636554718
841,-582.5,0.397009015083313
842,-611.5,0.3464418649673462
843,-603.25,0.6509148478507996
844,-607.75,1.0768686532974243
845,-600.25,0.4733276963233948
846,-690.5,0.7864978909492493
847,-675.5,0.5669159889221191
848,-667.75,0.40532186627388
849,-729.0,1.0063252449035645
850,-583.75,0.9025297164916992
851,-575.25,0.539874792098999
852,-628.0,0.3588583171367645
853,-687.25,0.7918498516082764
854,-634.0,0.5107954144477844
855,-570.75,0.7916252613067627
856,-596.0,0.5213962197303772
857,-651.25,0.6532350182533264
858,-676.25,0.3538212478160858
859,-592.75,0.6780816316604614
860,-693.25,0.5731804370880127
861,-619.5,0.5497006177902222
862,-636.75,0.7017844319343567
863,-617.5,0.7129706144332886
864,-589.5,0.6006330251693726
865,-611.0,0.8446189761161804
866,-591.75,0.9243513345718384
867,-600.5,0.7044588923454285
868,-708.5,0.49224361777305603
869,-606.5,0.38616085052490234
870,-611.25,0.4332965016365051
871,-605.25,0.7949649095535278
872,-647.25,0.6845412254333496
873,-558.0,0.5604085922241211
874,-661.5,0.5049036145210266
875,-622.25,0.291052907705307
876,-604.0,0.4894369840621948
877,-553.75,0.8337070941925049
878,-683.75,0.5638740062713623
879,-648.5,0.5856788158416748
880,-578.5,0.7722764015197754
881,-617.25,1.0547113418579102
882,-627.75,1.0989502668380737
883,-664.5,0.5520514249801636
884,-618.75,0.6432873606681824
885,-703.25,0.8538277745246887
886,-575.5,0.6359935998916626
887,-582.75,0.5138457417488098
888,-645.75,0.541843831539154
889,-715.0,0.7200814485549927
890,-621.5,0.6007153987884521
891,-650.75,0.23233181238174438
892,-568.0,0.5125490427017212
893,-644.75,1.378950595855713
894,-685.25,0.5945236682891846
895,-684.5,0.635834276676178
896,-573.5,0.8738506436347961
897,-586.25,0.6012904047966003
898,-661.75,0.7715970277786255
899,-685.75,0.8911775946617126
900,-613.75,0.5795691013336182
901,-520.5,0.6508045196533203
902,-626.25,0.44599243998527527
903,-603.75,0.7810878157615662
904,-620.25,0.6188731789588928
905,-603.5,0.4046846032142639
906,-704.25,0.6420329809188843
907,-670.75,0.9555554389953613
908,-588.25,0.36535194516181946
909,-661.75,0.8709434270858765
910,-641.5,0.24108293652534485
911,-612.25,0.4521125555038452
912,-637.0,0.7298598289489746
913,-696.0,0.5849483013153076
914,-586.25,0.6681898832321167
915,-650.5,0.6882688403129578
916,-720.25,1.0555171966552734
917,-610.25,0.4182792007923126
918,-718.5,0.5373589396476746
919,-617.25,0.2543236315250397
920,-625.0,0.7320611476898193
921,-608.0,0.544154942035675
922,-616.0,0.5611510872840881
923,-580.75,0.7243757247924805
924,-617.0,0.4162016212940216
925,-680.0,0.5705357789993286
926,-657.25,0.9749805927276611
927,-615.0,0.7923396825790405
928,-594.25,0.5700682401657104
929,-606.5,0.8507741093635559
930,-638.75,0.6549715995788574
931,-677.0,0.5027746558189392
932,-569.0,0.5258904695510864
933,-636.0,0.6021984815597534
934,-678.25,0.4933423697948456
935,-622.5,0.8786776065826416
936,-655.5,0.8258483409881592
937,-636.5,0.4706389904022217
938,-570.25,0.2569979429244995
939,-675.25,0.5469374656677246
940,-565.0,0.4194353222846985
941,-576.0,0.3403785228729248
942,-655.0,0.6737947463989258
943,-617.0,0.6778033375740051
944,-649.75,0.5352047085762024
945,-682.75,0.7467967867851257
946,-628.5,0.40576666593551636
947,-571.75,0.6877772212028503
948,-624.75,0.4188773036003113
949,-554.25,0.49503573775291443
950,-680.0,0.8378660678863525
951,-650.5,0.7130386829376221
952,-606.0,0.46777763962745667
953,-645.5,0.8273813724517822
954,-586.0,0.4681856632232666
955,-659.75,0.6185488104820251
956,-580.75,0.9142356514930725
957,-642.0,0.6244862079620361
958,-655.75,0.4626004695892334
959,-629.25,0.4940941035747528
960,-667.75,0.3083890378475189
961,-582.25,0.9866463541984558
962,-666.0,0.9078953862190247
963,-661.75,0.4227553904056549
964,-559.75,0.5485542416572571
965,-596.0,0.5366314649581909
966,-571.5,0.9678869247436523
967,-573.0,0.6502590179443359
968,-667.5,0.6574264764785767
969,-622.75,0.8401644825935364
970,-605.0,0.774988055229187
971,-603.0,0.8798128366470337
972,-685.75,0.4349099099636078
973,-662.0,0.6235045194625854
974,-590.75,0.35288840532302856
975,-651.25,0.6573166847229004
976,-654.25,0.7901310324668884
977,-636.75,0.7327641844749451
978,-645.25,0.5176428556442261
979,-618.5,0.48393720388412476
980,-617.5,0.47652995586395264
981,-587.5,0.6080595254898071
982,-587.75,0.3881848454475403
983,-628.0,0.387006938457489
984,-573.75,0.6084446310997009
985,-595.5,0.8479118943214417
986,-541.25,0.8594313859939575
987,-567.5,0.6151391863822937
988,-581.0,1.10733962059021
989,-672.0,0.6813153028488159
990,-637.25,0.5063406229019165
991,-556.0,0.9182134866714478
992,-601.0,0.801443338394165
993,-607.25,0.32073283195495605
994,-647.0,0.45698752999305725
995,-644.0,0.3994685411453247
996,-593.5,0.6552301645278931
997,-638.0,0.5205504894256592
998,-607.0,0.8308869004249573
999,-679.0,0.46196746826171875
1000,-662.25,0.45339134335517883
1001,-597.5,0.4292701184749603
1002,-604.75,0.6084771156311035
1003,-672.25,0.5111975073814392
1004,-643.5,0.7549363374710083
1005,-691.5,0.734222948551178
1006,-677.0,0.3418806791305542
1007,-585.75,0.45775681734085083
1008,-579.25,0.8222414255142212
1009,-672.5,0.5202599763870239
1010,-561.75,0.4928320646286011
1011,-621.0,0.5483548045158386
1012,-617.0,0.5216455459594727
1013,-596.0,0.6921741366386414
1014,-651.75,0.3708553612232208
1015,-571.0,1.000752568244934
1016,-633.5,0.4958205819129944
1017,-603.75,0.5809193849563599
1018,-676.75,0.7105074524879456
1019,-636.25,0.47897976636886597
1020,-661.25,0.5737462043762207
1021,-689.0,0.4138636589050293
1022,-665.25,0.3598262071609497
1023,-676.0,0.7113831043243408
1024,-669.25,0.6073021292686462
1025,-565.25,0.8022034168243408
1026,-637.75,0.5542299747467041
1027,-608.25,0.9210312366485596
1028,-566.5,0.7471573352813721
1029,-670.0,1.1297422647476196
1030,-684.75,0.519893229007721
1031,-700.0,0.6595849990844727
1032,-574.75,0.4394485652446747
1033,-575.25,0.5321842432022095
1034,-635.5,0.42162561416625977
1035,-700.0,0.2860764265060425
1036,-582.25,0.43682432174682617
1037,-690.5,0.4608086943626404
1038,-698.75,0.604094922542572
1039,-551.25,0.765863299369812
1040,-586.25,0.505874514579773
1041,-580.25,0.6096521615982056
1042,-605.0,0.6934841871261597
1043,-598.75,0.5686013698577881
1044,-633.0,0.5729508399963379
1045,-607.5,0.5862109661102295
1046,-586.5,0.37323838472366333
1047,-538.0,0.5116193890571594
1048,-635.75,0.5198681354522705
1049,-608.25,0.5018107295036316
1050,-543.25,0.8822047710418701
1051,-733.75,0.38587233424186707
1052,-684.0,0.523949146270752
1053,-659.75,0.5622411966323853
1054,-614.0,0.7442038059234619
1055,-609.0,0.6756430864334106
1056,-616.25,0.7200086116790771
1057,-662.25,0.5730173587799072
1058,-649.25,0.7514968514442444
1059,-637.75,0.5808922052383423
1060,-726.5,0.45079004764556885
1061,-582.75,0.5213490128517151
1062,-596.5,0.4176039695739746
1063,-632.75,0.536838948726654
1064,-617.5,0.6109856963157654
1065,-627.5,0.760833740234375
1066,-660.5,0.5139330625534058
1067,-570.5,0.7964397072792053
1068,-637.5,0.7100507020950317
1069,-619.5,0.5873575210571289
1070,-617.75,0.46208494901657104
1071,-655.5,0.42345666885375977
1072,-633.0,0.5688598155975342
1073,-682.25,0.5730941295623779
1074,-609.0,0.5810485482215881
1075,-652.5,0.8118987679481506
1076,-693.25,0.3972035050392151
1077,-584.75,0.4486587345600128
1078,-538.0,1.0338952541351318
1079,-505.25,0.6080882549285889
1080,-576.5,0.6135726571083069
1081,-647.75,0.3498530089855194
1082,-623.25,0.5461588501930237
1083,-649.75,0.5183504223823547
1084,-609.0,0.39595091342926025
1085,-651.5,0.5817691087722778
1086,-697.0,0.4662492275238037
1087,-585.5,0.39956820011138916
1088,-638.0,0.6152239441871643
1089,-649.5,0.6340099573135376
1090,-586.5,0.5130540132522583
1091,-614.25,0.38731849193573
1092,-637.5,0.5585545301437378
1093,-574.25,1.0775829553604126
1094,-586.25,0.738338828086853
1095,-614.0,0.48506006598472595
1096,-640.25,0.9371274709701538
1097,-601.25,0.4899425506591797
1098,-594.5,0.6350069642066956
1099,-623.0,0.6369242072105408
1100,-710.0,0.5944386720657349
1101,-660.0,0.7070387601852417
1102,-577.5,1.1362053155899048
1103,-583.5,0.6029579043388367
1104,-553.0,0.7044965624809265
1105,-616.75,0.5672222971916199
1106,-569.5,0.526663064956665
1107,-607.5,0.19826456904411316
1108,-627.0,0.5846915245056152
1109,-633.0,0.36513176560401917
1110,-637.5,0.7143089771270752
1111,-616.5,1.0933090448379517
1112,-679.5,0.5396233797073364
1113,-610.0,0.4263467788696289
1114,-676.5,0.36242368817329407
1115,-683.25,0.5736700892448425
1116,-636.25,0.5388432741165161
1117,-647.75,0.6727192401885986
1118,-578.25,0.38500791788101196
1119,-664.25,0.5214728116989136
1120,-582.5,1.1973423957824707
1121,-597.25,0.8000693917274475
1122,-575.75,0.4819062352180481
1123,-707.5,0.7529182434082031
1124,-629.0,0.5908897519111633
1125,-709.0,0.5631204843521118
1126,-642.75,0.39976203441619873
1127,-656.25,0.5412443280220032
1128,-639.5,0.520363986492157
1129,-603.75,0.45140957832336426
1130,-589.75,0.43660491704940796
1131,-664.0,0.6666819453239441
1132,-592.5,0.837321400642395
1133,-611.75,0.38517963886260986
1134,-589.5,0.9597288370132446
1135,-644.75,0.41333991289138794
1136,-652.5,0.4144097566604614
1137,-681.25,0.3964075744152069
1138,-635.75,0.4329361319541931
1139,-611.5,0.630978524684906
1140,-611.5,0.7824022769927979
1141,-616.25,0.8431177139282227
1142,-596.0,0.5293084383010864
1143,-684.0,0.5820266008377075
1144,-620.75,0.47226595878601074
1145,-663.0,0.4551165699958801
1146,-614.25,0.43994706869125366
1147,-584.75,0.5465183258056641
1148,-663.25,0.41842395067214966
1149,-675.5,0.5299129486083984
1150,-591.25,0.5065985321998596
1151,-672.0,0.6786150336265564
1152,-614.75,0.357430636882782
1153,-707.5,0.7251923084259033
1154,-585.5,0.6997970938682556
1155,-602.25,0.6948754787445068
1156,-624.5,0.49587300419807434
1157,-577.75,0.5630649924278259
1158,-641.75,0.47153663635253906
1159,-636.0,0.3939177095890045
1160,-569.0,0.3927217125892639
1161,-565.5,0.522286057472229
1162,-564.75,0.8470118641853333
1163,-620.75,0.35899680852890015
1164,-657.25,0.4819134473800659
1165,-589.25,0.7197745442390442
1166,-591.25,0.7504879832267761
1167,-667.25,1.051210641860962
1168,-595.5,0.33430159091949463
1169,-696.75,0.6234752535820007
1170,-674.0,0.43400073051452637
1171,-682.25,0.4636434316635132
1172,-684.75,0.8592766523361206
1173,-621.75,0.40518707036972046
1174,-631.5,0.6919663548469543
1175,-639.0,0.49217963218688965
1176,-568.25,0.5567811727523804
1177,-645.0,0.94562828540802
1178,-579.75,0.5621448159217834
1179,-713.25,0.45836395025253296
1180,-632.75,0.4405679702758789
1181,-576.5,0.46071669459342957
1182,-641.5,0.5443074107170105
1183,-608.5,0.929649829864502
1184,-603.75,0.30128997564315796
1185,-537.25,0.6591317653656006
1186,-581.0,0.3685336709022522
1187,-693.5,0.34878668189048767
1188,-587.0,0.9433026313781738
1189,-633.0,0.6758869290351868
1190,-611.5,0.36797285079956055
1191,-592.25,0.5754119157791138
1192,-696.5,0.4585171043872833
1193,-624.25,0.4702102839946747
1194,-586.25,0.7153564691543579
1195,-635.75,0.4257567524909973
1196,-556.5,0.558470606803894
1197,-681.0,0.36572399735450745
1198,-695.5,0.48833414912223816
1199,-638.5,0.8263711929321289
1200,-568.75,0.4428720772266388
1201,-595.0,0.9336860775947571
1202,-694.0,0.3943832516670227
1203,-639.5,0.22597545385360718
1204,-672.75,0.5109599828720093
1205,-626.25,0.4057992100715637
1206,-663.0,0.9496838450431824
1207,-675.5,0.6724098324775696
1208,-606.75,0.32973161339759827
1209,-637.5,0.6061473488807678
1210,-659.0,0.4982590079307556
1211,-600.5,0.5633238554000854
1212,-623.5,0.6586300730705261
1213,-599.5,0.7807234525680542
1214,-689.5,0.5592931509017944
1215,-632.25,0.6123597025871277
1216,-672.5,0.3705705404281616
1217,-640.25,0.40166011452674866
1218,-622.75,0.39640113711357117
1219,-675.25,0.47783052921295166
1220,-658.5,0.40916967391967773
1221,-603.25,0.5746701955795288
1222,-609.75,0.7369263172149658
1223,-619.25,0.59440678358078
1224,-684.5,0.5077295899391174
1225,-632.0,0.4812380075454712
1226,-602.75,0.6368277072906494
1227,-578.25,1.3709356784820557
1228,-611.75,0.6503688097000122
1229,-639.75,0.6071804761886597
1230,-636.25,0.47823256254196167
1231,-587.5,0.7899844646453857
1232,-608.25,0.4509390592575073
1233,-583.75,0.33418554067611694
1234,-671.0,0.29204604029655457
1235,-745.75,0.523892343044281
1236,-657.25,0.4646700620651245
1237,-582.0,0.49139899015426636
1238,-590.5,0.6827667951583862
1239,-620.0,0.8015410900115967
1240,-573.25,0.7420580983161926
1241,-575.25,0.5023641586303711
1242,-661.5,0.28819477558135986
1243,-598.75,0.9572718739509583
1244,-606.0,0.7388067841529846
1245,-619.25,0.5071306228637695
1246,-570.75,0.6670082807540894
1247,-635.75,0.7323849201202393
1248,-677.0,0.5485826134681702
1249,-653.0,0.3496870994567871
1250,-626.0,0.823494017124176
1251,-621.25,0.3391076326370239
1252,-606.0,0.7858376502990723
1253,-586.5,0.8827489614486694
1254,-576.75,0.549936830997467
1255,-612.5,0.4514307379722595
1256,-632.0,0.5301752090454102
1257,-645.25,0.525791585445404
1258,-600.0,0.45627567172050476
1259,-595.0,0.3518635332584381
1260,-719.5,0.5598349571228027
1261,-633.5,0.5313302874565125
1262,-614.0,0.3096340298652649
1263,-672.25,0.6903131008148193
1264,-589.5,0.6866506338119507
1265,-562.5,0.42534196376800537
1266,-686.25,0.4427618384361267
1267,-643.0,0.488485723733902
1268,-704.5,0.21707050502300262
1269,-638.25,0.3791557848453522
1270,-673.0,0.6382639408111572
1271,-642.25,0.5863180756568909
1272,-673.75,0.3853732943534851
1273,-588.25,0.7407200932502747
1274,-602.75,0.31710708141326904
1275,-620.75,0.47606784105300903
1276,-634.0,0.2708551287651062
1277,-599.25,0.4860605001449585
1278,-643.75,0.5644453167915344
1279,-704.25,0.42686784267425537
1280,-648.75,0.5823729038238525
1281,-677.0,0.5348093509674072
1282,-712.0,0.49542349576950073
1283,-623.25,0.26529717445373535
1284,-721.0,0.3293265700340271
1285,-613.25,0.40112191438674927
1286,-595.25,0.5097241401672363
1287,-652.0,0.7503188848495483
1288,-608.75,0.588871955871582
1289,-625.5,0.44981276988983154
1290,-661.5,0.36918333172798157
1291,-577.75,0.4303496479988098
1292,-640.25,0.4471750259399414
1293,-628.25,0.8111878633499146
1294,-565.5,0.48879003524780273
1295,-616.5,0.7367599010467529
1296,-577.0,0.5319481492042542
1297,-739.0,0.366393119096756
1298,-641.0,0.6243345737457275
1299,-595.5,0.4178192913532257
1300,-572.75,0.6507519483566284
1301,-545.25,0.47113654017448425
1302,-624.5,0.4381398558616638
1303,-631.0,0.4042542576789856
1304,-585.5,0.49480485916137695
1305,-573.75,0.4970351457595825
1306,-688.5,0.44197872281074524
1307,-567.25,0.3999718427658081
1308,-648.75,0.5959740281105042
1309,-634.0,0.7991446256637573
1310,-606.5,0.5877498984336853
1311,-633.0,0.459089457988739
1312,-575.25,0.4518989622592926
1313,-572.0,0.7650316953659058
1314,-560.5,1.016233205795288
1315,-584.0,0.6888149380683899
1316,-639.5,0.7932983636856079
1317,-657.75,0.37897875905036926
1318,-579.75,0.6054336428642273
1319,-650.0,0.5192819237709045
1320,-623.0,0.5136894583702087
1321,-646.75,0.2715134024620056
1322,-608.75,0.48691248893737793
1323,-632.25,0.4704887270927429
1324,-541.75,0.6727175712585449
1325,-617.75,0.4432370364665985
1326,-606.0,0.344646155834198
1327,-618.5,0.4408876895904541
1328,-614.75,0.6935242414474487
1329,-583.5,0.4836922287940979
1330,-649.75,0.5757695436477661
1331,-717.5,0.5112019777297974
1332,-599.25,0.8070588111877441
1333,-655.5,0.34131523966789246
1334,-615.75,0.41877251863479614
1335,-594.75,0.5967344045639038
1336,-710.25,0.499889999628067
1337,-663.25,0.37368345260620117
1338,-620.5,0.44688284397125244
1339,-662.75,0.27189329266548157
1340,-609.5,0.650393009185791
1341,-609.75,0.8001738786697388
1342,-618.75,0.7423338294029236
1343,-622.25,0.45858749747276306
1344,-607.75,0.6729862689971924
1345,-651.5,0.5957714915275574
1346,-627.0,0.4717558026313782
1347,-603.75,0.444061815738678
1348,-614.75,0.45731961727142334
1349,-619.75,0.7131181359291077
1350,-640.75,0.5739576816558838
1351,-695.25,0.6293134689331055
1352,-614.5,0.7470422983169556
1353,-599.5,0.4358482360839844
1354,-616.75,0.4512108862400055
1355,-567.5,0.46479207277297974
1356,-621.75,0.6225956082344055
1357,-545.0,0.6166499853134155
1358,-708.0,0.3737802505493164
1359,-682.0,0.4153769612312317
1360,-616.5,0.46797043085098267
1361,-675.25,0.38292616605758667
1362,-670.0,0.6461275815963745
1363,-693.0,0.7062534689903259
1364,-557.5,1.0714257955551147
1365,-606.25,1.136242151260376
1366,-584.75,0.41790837049484253
1367,-534.75,0.5724915862083435
1368,-674.0,0.44714877009391785
1369,-631.75,0.6137725710868835
1370,-597.75,0.8172847628593445
1371,-666.0,0.33987608551979065
1372,-587.5,0.43261879682540894
1373,-667.0,0.5825931429862976
1374,-623.75,0.49787938594818115
1375,-586.5,0.5348424911499023
1376,-674.75,0.18810319900512695
1377,-596.0,0.48883768916130066
1378,-613.5,0.3627507984638214
1379,-541.25,0.47262483835220337
1380,-570.0,0.4281902015209198
1381,-595.5,0.8243604302406311
1382,-694.25,0.2869178354740143
1383,-616.5,0.5336200594902039
1384,-611.25,0.5560564994812012
1385,-662.5,0.9728572368621826
1386,-606.25,0.8470720052719116
1387,-604.25,0.3716932237148285
1388,-634.75,0.28492647409439087
1389,-614.0,0.506055474281311
1390,-571.5,0.37395793199539185
1391,-617.5,0.6388649344444275
1392,-567.0,0.4298405051231384
1393,-571.5,0.5052979588508606
1394,-652.25,0.3916698396205902
1395,-607.5,0.6675808429718018
1396,-631.0,0.4655631184577942
1397,-598.0,0.43865329027175903
1398,-701.5,0.34468159079551697
1399,-609.5,0.45549583435058594
1400,-638.0,0.5280057787895203
1401,-637.75,0.8499531745910645
1402,-614.25,0.2668916583061218
1403,-644.5,0.3073851466178894
1404,-641.75,0.4990726709365845
1405,-599.0,0.45404279232025146
1406,-606.25,0.57387375831604
1407,-701.25,0.5429756045341492
1408,-668.5,0.23604419827461243
1409,-658.75,0.5022057294845581
1410,-590.25,0.8081912994384766
1411,-660.25,0.299523264169693
1412,-674.5,0.5910186171531677
1413,-604.75,0.4002065658569336
1414,-613.75,0.9957300424575806
1415,-610.75,0.6352806687355042
1416,-633.5,0.37285101413726807
1417,-625.0,0.8880738019943237
1418,-580.0,0.35390031337738037
1419,-636.0,0.4836033582687378
1420,-636.75,0.36119377613067627
1421,-593.75,0.5862277746200562
1422,-658.75,0.6068033576011658
1423,-611.5,0.6519765257835388
1424,-672.5,0.527004063129425
1425,-618.25,0.5415928363800049
1426,-644.25,0.38693177700042725
1427,-632.5,0.6297110319137573
1428,-628.0,0.9482815265655518
1429,-626.75,0.4020240008831024
1430,-532.25,0.5332306623458862
1431,-652.75,1.048310399055481
1432,-621.75,1.1258223056793213
1433,-592.5,0.4433177709579468
1434,-600.5,0.6688224077224731
1435,-664.5,0.32952332496643066
1436,-648.25,0.6616485118865967
1437,-599.75,0.3389400243759155
1438,-658.0,0.47488370537757874
1439,-653.0,0.5341666340827942
1440,-697.75,0.6850478649139404
1441,-701.25,0.3791128098964691
1442,-608.5,0.3881446421146393
1443,-651.5,0.34321165084838867
1444,-649.5,0.8155351877212524
1445,-615.25,0.36849623918533325
1446,-573.5,0.45133253931999207
1447,-606.5,0.49873942136764526
1448,-597.5,0.7911524176597595
1449,-648.25,0.41117820143699646
1450,-564.0,0.8389936089515686
1451,-587.75,0.4055364727973938
1452,-674.0,0.3899373412132263
1453,-622.0,0.6567234992980957
1454,-632.5,0.47422170639038086
1455,-669.25,0.305804580450058
1456,-562.0,0.5127414464950562
1457,-570.25,0.48023858666419983
1458,-629.5,0.571196436882019
1459,-617.25,0.41392168402671814
1460,-544.25,0.9804476499557495
1461,-617.75,0.6148974895477295
1462,-593.75,0.6032137274742126
1463,-632.0,0.36759743094444275
1464,-658.0,1.0050806999206543
1465,-645.25,0.3186873495578766
1466,-572.0,0.44009000062942505
1467,-637.25,0.633529782295227
1468,-590.5,0.7846624255180359
1469,-651.75,0.27245667576789856
1470,-622.75,0.4438096582889557
1471,-624.5,0.6047332286834717
1472,-622.0,0.5135548710823059
1473,-685.0,0.8040438294410706
1474,-709.0,0.3572036623954773
1475,-664.25,0.4721335172653198
1476,-669.5,0.3609018623828888
1477,-625.0,0.7340168356895447
1478,-603.25,0.8464468121528625
1479,-583.75,0.5271047353744507
1480,-580.75,0.49853599071502686
1481,-564.75,0.6010673642158508
1482,-627.25,0.6217397451400757
1483,-617.75,0.3280734121799469
1484,-655.25,0.6445499658584595
1485,-598.25,0.49712738394737244
1486,-554.0,0.4328635632991791
1487,-642.5,0.5707907676696777
1488,-658.5,0.6058757901191711
1489,-630.0,0.47895556688308716
1490,-611.0,0.5263687372207642
1491,-626.75,0.6108290553092957
1492,-582.75,0.4802132844924927
1493,-638.5,0.5611387491226196
1494,-648.25,0.754931628704071
1495,-639.25,0.4777964651584625
1496,-693.75,0.3208850026130676
1497,-634.75,0.5225457549095154
1498,-655.75,0.34852108359336853
1499,-606.5,0.2755501866340637
1500,-565.0,0.7439730167388916
1501,-550.25,0.8736991286277771
1502,-672.25,0.2806989252567291
1503,-655.75,0.29805028438568115
1504,-667.0,0.3888150751590729
1505,-633.25,0.5460920929908752
1506,-661.5,0.2939181327819824
1507,-635.25,1.1949776411056519
1508,-624.75,0.47545814514160156
1509,-598.25,0.32101473212242126
1510,-627.0,0.40742284059524536
1511,-665.25,0.6441260576248169
1512,-637.25,0.6717855930328369
1513,-621.75,0.36923399567604065
1514,-655.75,0.5440905094146729
1515,-677.25,0.8442315459251404
1516,-591.25,0.7791585922241211
1517,-606.5,0.5265631675720215
1518,-622.75,0.5529630780220032
1519,-633.25,0.6413652300834656
1520,-597.25,0.7109929919242859
1521,-572.0,0.5215805172920227
1522,-690.5,0.6223447322845459
1523,-623.0,0.708858847618103
1524,-622.25,0.38874953985214233
1525,-605.5,0.3460189998149872
1526,-631.5,0.4909363389015198
1527,-677.0,0.4170122444629669
1528,-665.75,0.7353469729423523
1529,-661.5,0.8305919766426086
1530,-632.0,0.5008271932601929
1531,-625.0,0.5448123216629028
1532,-588.25,0.5966284275054932
1533,-611.75,0.4270145893096924
1534,-613.25,0.4008774161338806
1535,-711.75,0.5718304514884949
1536,-646.0,0.8849701881408691
1537,-573.0,0.3328576385974884
1538,-632.0,0.340890496969223
1539,-640.75,0.775787353515625
1540,-677.0,0.5369287133216858
1541,-598.75,0.36757320165634155
1542,-583.5,0.6327000856399536
1543,-695.25,0.36208873987197876
1544,-672.5,0.6985443830490112
1545,-652.75,0.31562337279319763
1546,-545.5,1.002733826637268
1547,-679.25,0.6819285154342651
1548,-645.0,0.9148363471031189
1549,-598.0,0.4914308488368988
1550,-659.25,0.553025484085083
1551,-662.0,0.48718076944351196
1552,-654.75,0.7459417581558228
1553,-652.5,0.3970434069633484
1554,-614.5,0.42954137921333313
1555,-607.0,0.3755488693714142
1556,-642.25,1.1655006408691406
1557,-642.75,0.3762321174144745
1558,-698.75,0.6775635480880737
1559,-575.75,0.6265034079551697
1560,-635.0,0.6262342929840088
1561,-637.0,0.334102064371109
1562,-657.75,0.37821635603904724
1563,-595.25,0.724034309387207
1564,-656.5,0.6312246322631836
1565,-671.5,0.4087146520614624
1566,-631.5,0.366705060005188
1567,-563.5,0.44852304458618164
1568,-612.0,0.40978389978408813
1569,-604.5,0.5760303735733032
1570,-640.75,0.4836665689945221
1571,-571.0,0.8641835451126099
1572,-657.25,0.5633967518806458
1573,-572.25,0.29023611545562744
1574,-585.0,0.4468499422073364
1575,-640.5,0.4423220753669739
1576,-769.75,0.5483348369598389
1577,-598.0,0.33837229013442993
1578,-644.25,0.5824905633926392
1579,-662.75,0.34568458795547485
1580,-633.0,0.4069060683250427
1581,-587.25,0.34467917680740356
1582,-655.75,0.7722302675247192
1583,-649.5,0.2927364408969879
1584,-582.25,0.8831654787063599
1585,-710.25,0.3729243278503418
1586,-608.5,0.44183555245399475
1587,-631.0,0.6095232367515564
1588,-600.0,0.6721224784851074
1589,-651.5,0.5534088611602783
1590,-581.25,0.6995437145233154
1591,-596.75,0.38209712505340576
1592,-671.0,0.39888009428977966
1593,-609.5,0.42856383323669434
1594,-584.75,0.3395098149776459
1595,-669.0,0.5612826943397522
1596,-608.25,0.5023954510688782
1597,-601.25,0.5596451759338379
1598,-596.5,0.48432686924934387
1599,-592.75,0.4003351032733917
1600,-644.0,0.2972103953361511
1601,-569.0,0.774655282497406
1602,-633.5,0.4155961275100708
1603,-566.75,0.3147035837173462
1604,-575.5,0.7540428638458252
1605,-651.0,0.5906744003295898
1606,-581.0,0.8431591987609863
1607,-637.0,0.6683836579322815
1608,-588.5,0.5752750635147095
1609,-679.25,0.4431077837944031
1610,-594.75,0.6687999963760376
1611,-605.75,0.5245327949523926
1612,-636.25,0.2665957510471344
1613,-612.75,0.3785496950149536
1614,-643.25,0.30711448192596436
1615,-534.0,0.8504973649978638
1616,-623.75,0.5957368612289429
1617,-567.25,0.3708951771259308
1618,-611.75,0.26401007175445557
1619,-632.5,0.8545634746551514
1620,-595.5,1.2194043397903442
1621,-642.75,0.5047205686569214
1622,-609.5,0.635237991809845
1623,-561.75,0.5620467066764832
1624,-683.5,0.4398871958255768
1625,-533.5,0.5514169931411743
1626,-586.0,0.5209088921546936
1627,-620.0,0.4684658646583557
1628,-602.0,0.8782040476799011
1629,-629.75,0.37433063983917236
1630,-597.75,0.3880900740623474
1631,-592.5,0.39370784163475037
1632,-588.0,0.699566125869751
1633,-569.25,0.49262797832489014
1634,-594.0,0.24322402477264404
1635,-618.25,0.17583124339580536
1636,-639.5,0.8957412242889404
1637,-586.0,0.4705517888069153
1638,-652.0,0.3279009461402893
1639,-613.25,0.31469985842704773
1640,-590.25,0.26443642377853394
1641,-666.25,0.5176653265953064
1642,-634.25,0.3359375
1643,-584.25,0.6403757333755493
1644,-586.0,0.5008606910705566
1645,-629.5,0.429766446352005
1646,-602.5,0.6053785085678101
1647,-614.5,0.4412541687488556
1648,-649.5,0.30519354343414307
1649,-663.5,0.5876393914222717
1650,-585.25,0.3570399582386017
1651,-572.0,0.27873072028160095
1652,-564.75,0.6327752470970154
1653,-628.0,0.4700991213321686
1654,-598.0,0.45273298025131226
1655,-687.25,0.44694140553474426
1656,-631.75,0.47053849697113037
1657,-633.25,0.34090492129325867
1658,-639.5,0.23740124702453613
1659,-685.25,0.4755474328994751
1660,-694.0,0.4646690785884857
1661,-620.25,0.2698413133621216
1662,-647.75,0.5926559567451477
1663,-654.5,0.6216390132904053
1664,-667.75,0.5456470251083374
1665,-584.25,0.37384214997291565
1666,-617.5,0.6736138463020325
1667,-703.25,0.3589129149913788
1668,-589.0,0.3604472875595093
1669,-560.75,0.9996181130409241
1670,-563.25,0.7413915395736694
1671,-582.25,0.5569360256195068
1672,-620.0,0.4223129451274872
1673,-659.0,0.4756408631801605
1674,-587.25,0.303744375705719
1675,-610.0,0.542829155921936
1676,-560.0,0.5160874128341675
1677,-577.75,0.42741334438323975
1678,-588.25,0.8812767863273621
1679,-611.0,0.30949127674102783
1680,-603.75,0.41996079683303833
1681,-636.5,0.3217235207557678
1682,-536.5,0.27521833777427673
1683,-637.75,0.477702796459198
1684,-659.25,0.28265076875686646
1685,-647.5,0.6332610845565796
1686,-611.5,0.2840861678123474
1687,-615.5,0.46888089179992676
1688,-607.75,0.5959525108337402
1689,-632.25,0.4452555179595947
1690,-621.25,0.5983743667602539
1691,-650.5,0.40041112899780273
1692,-601.5,0.449972540140152
1693,-654.0,0.5665088891983032
1694,-585.75,0.5185973048210144
1695,-569.5,0.5058889389038086
1696,-627.0,0.6922080516815186
1697,-698.0,0.3133469820022583
1698,-574.75,0.4619207978248596
1699,-582.0,0.345887154340744
1700,-567.75,0.69866544008255
1701,-642.75,0.9150116443634033
1702,-561.0,0.9005743265151978
1703,-622.0,0.4225238561630249
1704,-589.5,0.5158810615539551
1705,-541.0,0.2532873749732971
1706,-622.5,0.4686962366104126
1707,-588.0,0.6492546796798706
1708,-637.25,0.4013323485851288
1709,-609.25,0.34141549468040466
1710,-659.0,0.3499181270599365
1711,-648.0,0.3000805974006653
1712,-541.0,0.48009538650512695
1713,-668.0,0.6800045371055603
1714,-703.5,0.45526039600372314
1715,-671.0,0.5329370498657227
1716,-574.5,0.3123640716075897
1717,-648.75,0.8770246505737305
1718,-617.75,0.3537698984146118
1719,-590.5,0.6180835366249084
1720,-608.0,0.30592259764671326
1721,-621.25,0.5363253355026245
1722,-730.25,0.3570910096168518
1723,-703.0,0.3608800768852234
1724,-643.5,0.6068286299705505
1725,-644.25,0.6615538597106934
1726,-567.5,0.32628023624420166
1727,-654.5,0.23545263707637787
1728,-633.0,0.49301543831825256
1729,-591.0,0.6203698515892029
1730,-609.75,0.26197338104248047
1731,-609.0,0.4952493906021118
1732,-607.5,0.36976081132888794
1733,-614.0,0.48463374376296997
1734,-565.0,1.1627156734466553
1735,-674.0,0.41022270917892456
1736,-669.5,0.28285226225852966
1737,-620.75,0.4674527049064636
1738,-695.5,0.33937597274780273
1739,-617.75,0.6305555105209351
1740,-627.0,0.3846335709095001
1741,-584.5,0.6779375076293945
1742,-611.5,0.48026347160339355
1743,-657.75,0.41943100094795227
1744,-560.25,0.44988083839416504
1745,-564.5,0.4629772901535034
1746,-622.5,0.37538790702819824
1747,-607.75,0.5750279426574707
1748,-593.25,0.631851315498352
1749,-752.5,0.32441121339797974
1750,-636.5,0.408270925283432
1751,-627.25,0.37809547781944275
1752,-664.5,0.5763263702392578
1753,-585.5,0.5166457295417786
1754,-686.5,0.4301477074623108
1755,-583.75,0.3148607611656189
1756,-630.25,0.278854638338089
1757,-678.5,0.6116255521774292
1758,-659.0,0.5595641136169434
1759,-643.75,0.4613659679889679
1760,-634.0,0.30058228969573975
1761,-712.75,0.584141194820404
1762,-616.5,0.33040058612823486
1763,-598.25,0.5637288093566895
1764,-636.0,0.6162517666816711
1765,-592.5,0.3850429952144623
1766,-527.5,0.6735342741012573
1767,-660.0,0.4719589948654175
1768,-588.0,0.36057668924331665
1769,-590.0,0.3430978059768677
1770,-561.75,0.612194299697876
1771,-696.75,0.3259791433811188
1772,-603.25,0.44040626287460327
1773,-669.25,0.4239487051963806
1774,-683.75,0.37769851088523865
1775,-660.25,0.5716930627822876
1776,-684.25,0.4206308126449585
1777,-552.0,0.342046320438385
1778,-666.5,0.2932349145412445
1779,-651.75,0.5695569515228271
1780,-546.25,0.3168714940547943
1781,-577.0,0.5174074172973633
1782,-677.5,0.5223032832145691
1783,-640.5,0.29073286056518555
1784,-670.75,0.3462314009666443
1785,-699.5,0.20037227869033813
1786,-566.5,0.3874768316745758
1787,-634.0,0.3275185823440552
1788,-598.5,0.663748025894165
1789,-568.5,0.2791753113269806
1790,-583.75,0.38100433349609375
1791,-545.5,0.4782455563545227
1792,-620.75,0.7924777269363403
1793,-605.0,0.42493560910224915
1794,-658.75,0.6131187677383423
1795,-597.25,0.4272650480270386
1796,-643.0,0.35515129566192627
1797,-653.0,0.3178233206272125
1798,-610.75,0.3732144236564636
1799,-720.75,0.16778865456581116
1800,-644.25,0.3895260989665985
1801,-625.0,0.7607153058052063
1802,-584.75,0.4130818247795105
1803,-671.75,0.4189597964286804
1804,-591.5,0.6020697355270386
1805,-631.5,0.24670961499214172
1806,-557.0,0.5694839954376221
1807,-578.25,0.9499586224555969
1808,-636.25,0.4430835545063019
1809,-654.75,0.2548593580722809
1810,-610.25,0.4088744521141052
1811,-651.0,0.2362179160118103
1812,-635.75,0.34798553586006165
1813,-609.75,0.5292276740074158
1814,-704.0,0.22636303305625916
1815,-585.0,0.5845527052879333
1816,-541.0,0.4687756896018982
1817,-663.25,0.6886301636695862
1818,-550.0,0.7081886529922485
1819,-527.75,1.419548749923706
1820,-603.0,0.4728315770626068
1821,-620.75,0.5711936950683594
1822,-617.0,0.6221565008163452
1823,-649.25,0.4168684184551239
1824,-710.5,0.41851675510406494
1825,-609.5,0.3025897741317749
1826,-674.75,0.35551825165748596
1827,-569.25,0.6107531785964966
1828,-631.0,0.3668770492076874
1829,-720.0,0.560713529586792
1830,-638.25,0.36535102128982544
1831,-610.75,0.40726909041404724
1832,-651.25,0.6796097755432129
1833,-667.25,0.34715184569358826
1834,-626.0,0.4695908725261688
1835,-648.0,0.3769237697124481
1836,-608.0,0.39681679010391235
1837,-608.75,0.7392202019691467
1838,-672.0,0.5158296227455139
1839,-620.0,0.45092618465423584
1840,-618.5,0.29256680607795715
1841,-613.75,0.5730350017547607
1842,-653.75,0.3112013339996338
1843,-660.75,0.3636627495288849
1844,-550.25,0.77495276927948
1845,-629.5,0.5238085985183716
1846,-537.0,0.7071253061294556
1847,-680.0,0.34351199865341187
1848,-629.5,0.46154218912124634
1849,-689.25,0.4781835079193115
1850,-678.0,0.2811533212661743
1851,-566.0,0.407676637172699
1852,-666.0,0.49365919828414917
1853,-564.75,0.38611358404159546
1854,-587.5,0.40269097685813904
1855,-574.75,0.5180968046188354
1856,-578.5,0.42876505851745605
1857,-654.75,0.3760567903518677
1858,-592.5,0.4742821455001831
1859,-602.75,0.3792200982570648
1860,-596.5,0.4322173595428467
1861,-643.75,0.4434754252433777
1862,-680.75,0.7719495296478271
1863,-667.75,0.5068149566650391
1864,-611.25,0.4186672568321228
1865,-685.0,0.4532429873943329
1866,-599.5,0.4319521486759186
1867,-581.5,0.5642850399017334
1868,-578.5,0.31104540824890137
1869,-589.75,0.3524476885795593
1870,-650.0,0.5700033903121948
1871,-623.25,0.5708259344100952
1872,-714.25,0.6092888116836548
1873,-559.5,0.5781956911087036
1874,-602.25,0.5432206988334656
1875,-599.5,0.7414085268974304
1876,-654.25,0.21162420511245728
1877,-562.25,0.709011971950531
1878,-608.5,0.35166144371032715
1879,-670.0,0.4374217092990875
1880,-616.5,0.3435770869255066
1881,-586.25,0.461279958486557
1882,-650.75,0.2871934771537781
1883,-645.25,0.327649861574173
1884,-591.5,0.2684200704097748
1885,-681.5,0.565780520439148
1886,-683.0,0.17981474101543427
1887,-599.75,0.46518319845199585
1888,-566.25,0.44665682315826416
1889,-546.75,0.3720359206199646
1890,-670.5,0.4153469502925873
1891,-604.0,0.33068472146987915
1892,-624.0,0.5211958885192871
1893,-587.0,0.3424094617366791
1894,-654.0,0.4946645498275757
1895,-639.25,0.3212912380695343
1896,-602.75,0.6851183176040649
1897,-595.25,0.3532821238040924
1898,-593.75,0.7060629725456238
1899,-605.0,0.46406686305999756
1900,-626.75,0.40178433060646057
1901,-589.25,0.25484800338745117
1902,-634.75,0.7636593580245972
1903,-608.5,0.7539020776748657
1904,-592.0,0.41071319580078125
1905,-540.5,0.6945521831512451
1906,-583.5,0.35809218883514404
1907,-586.0,0.5233961343765259
1908,-677.0,0.32406437397003174
1909,-550.0,0.40638411045074463
1910,-606.5,0.2789067327976227
1911,-618.25,0.35278788208961487
1912,-620.25,0.4786090552806854
1913,-558.0,0.395903617143631
1914,-587.0,0.541729748249054
1915,-673.0,0.47114479541778564
1916,-610.5,0.4867815375328064
1917,-528.5,0.6423481702804565
1918,-592.25,0.5295301079750061
1919,-581.75,0.462690532207489
1920,-602.0,0.5772151947021484
1921,-593.75,0.696995735168457
1922,-623.0,0.4466239809989929
1923,-659.25,0.3213661313056946
1924,-587.25,0.35732293128967285
1925,-642.0,0.671396791934967
1926,-614.5,0.6806702613830566
1927,-601.5,0.7559819221496582
1928,-669.5,0.27538251876831055
1929,-565.25,0.5980836153030396
1930,-628.5,0.3685376048088074
1931,-596.75,0.5942795872688293
1932,-624.75,0.4607210159301758
1933,-595.0,0.6012474298477173
1934,-604.0,0.1961016207933426
1935,-596.0,0.4847094714641571
1936,-660.75,0.6602637767791748
1937,-637.0,0.3064269721508026
1938,-683.75,0.2973434329032898
1939,-606.75,0.34777408838272095
1940,-629.0,0.5545826554298401
1941,-584.0,0.20042523741722107
1942,-573.0,0.37221506237983704
1943,-610.25,0.5038378834724426
1944,-624.0,0.38666683435440063
1945,-644.5,0.3212941884994507
1946,-602.5,0.40699777007102966
1947,-565.5,0.49109798669815063
1948,-635.5,0.5803571343421936
1949,-625.25,0.35963451862335205
1950,-640.75,0.42643624544143677
1951,-626.5,0.24774660170078278
1952,-718.0,0.2097804844379425
1953,-569.75,0.45460668206214905
1954,-574.75,0.4799792468547821
1955,-650.5,0.36331814527511597
1956,-596.5,0.4395221471786499
1957,-527.75,0.635600209236145
1958,-635.5,0.45241791009902954
1959,-657.5,0.46188604831695557
1960,-670.5,0.4732956886291504
1961,-585.25,0.4425134062767029
1962,-578.5,0.7293776273727417
1963,-592.75,0.27620166540145874
1964,-619.75,0.44719040393829346
1965,-595.75,0.6319201588630676
1966,-616.25,0.5215268135070801
1967,-673.25,0.3429408073425293
1968,-624.25,0.7623388171195984
1969,-660.5,0.5674628019332886
1970,-604.5,0.5978662967681885
1971,-655.5,0.24754518270492554
1972,-584.25,0.5134883522987366
1973,-602.5,0.37268131971359253
1974,-610.0,0.3735303282737732
1975,-650.25,0.5040574073791504
1976,-588.0,0.44742998480796814
1977,-656.25,0.3335065543651581
1978,-619.5,0.4052107036113739
1979,-586.75,0.3771045207977295
1980,-628.75,0.5060627460479736
1981,-624.75,0.5709165930747986
1982,-584.5,0.410603791475296
1983,-653.0,0.3424992561340332
1984,-541.0,0.37510329484939575
1985,-623.75,0.34060174226760864
1986,-611.5,0.6681709289550781
1987,-658.5,0.501538872718811
1988,-577.0,0.3025740385055542
1989,-577.75,0.379838228225708
1990,-625.5,0.3324659466743469
1991,-618.25,0.490631639957428
1992,-625.5,0.5670723915100098
1993,-558.0,0.3947722017765045
1994,-623.5,0.4743039608001709
1995,-577.0,0.3779296576976776
1996,-541.25,0.4718467593193054
1997,-598.0,0.44975268840789795
1998,-646.0,0.2928144037723541
1999,-607.25,0.5833633542060852
2000,-606.0,0.300282746553421
2001,-578.5,0.41251832246780396
2002,-603.25,1.0788557529449463
2003,-635.0,0.6097160577774048
2004,-607.0,0.4672245979309082
2005,-578.0,0.6209771633148193
2006,-627.75,0.35294732451438904
2007,-632.25,0.3806016445159912
2008,-621.75,0.5227969884872437
2009,-626.0,0.3983985185623169
2010,-608.0,0.2835945785045624
2011,-604.0,0.426890105009079
2012,-614.75,0.3321555554866791
2013,-554.5,0.41173556447029114
2014,-576.25,0.5709055066108704
2015,-628.75,0.5462263822555542
2016,-571.25,0.30078357458114624
2017,-662.0,0.6809901595115662
2018,-584.0,0.2857542932033539
2019,-645.5,0.63106369972229
2020,-622.5,0.3763895630836487
2021,-665.0,0.7777998447418213
2022,-579.75,0.345952570438385
2023,-678.25,0.4289120137691498
2024,-582.0,0.34169507026672363
2025,-679.5,0.5213699340820312
2026,-615.5,0.5503951907157898
2027,-596.75,0.46684736013412476
2028,-620.25,0.6512002348899841
2029,-634.0,0.4780557155609131
2030,-609.75,0.613309919834137
2031,-628.5,0.78533935546875
2032,-598.5,0.36161503195762634
2033,-656.5,0.2829228341579437
2034,-578.25,0.7739572525024414
2035,-609.75,0.34291478991508484
2036,-620.25,0.3729928433895111
2037,-565.25,0.3879099488258362
2038,-680.25,0.26278215646743774
2039,-685.75,0.48572513461112976
2040,-629.75,0.43231964111328125
2041,-593.5,0.29599204659461975
2042,-668.75,0.3579886853694916
2043,-620.25,0.46753332018852234
2044,-610.5,0.3088856339454651
2045,-551.0,0.31063926219940186
2046,-676.25,0.8165626525878906
2047,-647.75,0.4420608878135681
2048,-618.0,0.380204975605011
2049,-666.25,0.31468912959098816
2050,-584.0,0.5399782061576843
2051,-582.25,0.45800232887268066
2052,-612.5,0.42404747009277344
2053,-603.25,0.4074537456035614
2054,-654.5,0.2989962697029114
2055,-661.5,0.36682572960853577
2056,-627.5,0.49221640825271606
2057,-673.75,0.5029386281967163
2058,-648.5,0.33922281861305237
2059,-635.25,0.3783392310142517
2060,-661.75,0.2784421145915985
2061,-580.75,0.3390685021877289
2062,-603.25,0.2921885550022125
2063,-628.0,0.2616407871246338
2064,-607.0,0.6745315790176392
2065,-612.5,0.4375919699668884
2066,-677.25,0.4550561308860779
2067,-521.75,0.3269810080528259
2068,-582.25,0.48828014731407166
2069,-636.0,0.5730828046798706
2070,-692.5,0.2732846140861511
2071,-623.5,0.39980050921440125
2072,-674.5,0.16340690851211548
2073,-592.75,0.5300790071487427
2074,-628.5,0.2334766983985901
2075,-675.75,0.7456294894218445
2076,-624.0,0.5445452332496643
2077,-582.5,0.4301709532737732
2078,-639.0,0.42403101921081543
2079,-584.25,0.5927203297615051
2080,-639.5,0.3738650381565094
2081,-647.0,0.5338778495788574
2082,-523.75,0.5902731418609619
2083,-725.25,0.2614988684654236
2084,-626.0,0.26709070801734924
2085,-517.25,0.6778379678726196
2086,-611.0,0.48869016766548157
2087,-637.0,0.7246714234352112
2088,-699.25,0.2803198993206024
2089,-588.75,0.8426151275634766
2090,-637.25,0.42727166414260864
2091,-606.25,0.5560296773910522
2092,-603.0,0.4271757900714874
2093,-682.75,0.3208005726337433
2094,-590.0,0.5464081168174744
2095,-571.75,0.6980891823768616
2096,-633.25,0.3534337878227234
2097,-605.75,0.5755876302719116
2098,-585.5,0.40711963176727295
2099,-662.0,0.413007915019989
2100,-675.75,0.3170250654220581
2101,-577.25,0.5485845804214478
2102,-655.0,0.3204314112663269
2103,-595.5,0.4680860638618469
2104,-588.5,0.4550468325614929
2105,-616.25,0.5045573711395264
2106,-583.5,0.6449495553970337
2107,-677.25,0.39466869831085205
2108,-591.5,0.2916027903556824
2109,-600.0,0.42602816224098206
2110,-575.5,0.33308541774749756
2111,-645.25,0.24851995706558228
2112,-622.0,0.4567577838897705
2113,-596.0,0.49294301867485046
2114,-571.0,0.370732843875885
2115,-645.0,0.25608116388320923
2116,-629.25,0.3774941563606262
2117,-640.75,0.3685070276260376
2118,-637.5,0.3591863214969635
2119,-629.5,0.2718605399131775
2120,-644.25,0.2627512812614441
2121,-700.5,0.36619657278060913
2122,-597.5,0.5579330325126648
2123,-568.25,0.35283756256103516
2124,-643.25,0.37731415033340454
2125,-577.5,0.596528947353363
2126,-631.0,0.25301146507263184
2127,-596.5,0.3308839797973633
2128,-678.5,0.4199239909648895
2129,-530.25,0.3326745331287384
2130,-629.0,0.4244186282157898
2131,-606.75,0.713808000087738
2132,-649.25,0.2263985127210617
2133,-645.5,0.3996368944644928
2134,-597.5,0.237625390291214
2135,-635.25,0.6271988153457642
2136,-538.0,0.5041778683662415
2137,-649.25,0.19878554344177246
2138,-658.75,0.38479840755462646
2139,-585.25,0.4866655468940735
2140,-620.5,0.5619620084762573
2141,-588.5,0.5426977872848511
2142,-678.5,0.365153431892395
2143,-600.25,0.3239704370498657
2144,-630.25,0.5446040630340576
2145,-644.25,0.6369174122810364
2146,-559.5,0.46523725986480713
2147,-647.5,0.6979536414146423
2148,-581.25,0.3487081825733185
2149,-591.5,0.42560142278671265
2150,-579.5,0.4086880087852478
2151,-633.5,0.32827627658843994
2152,-641.5,0.1959562450647354
2153,-628.75,0.38608434796333313
2154,-578.5,0.3254469335079193
2155,-671.75,0.29529809951782227
2156,-603.0,0.4501197338104248
2157,-626.0,0.6389162540435791
2158,-600.75,0.19859647750854492
2159,-553.75,0.3536054790019989
2160,-617.25,0.30217471718788147
2161,-521.5,0.5650560259819031
2162,-608.75,0.48159870505332947
2163,-600.0,0.32867300510406494
2164,-624.5,0.2516597509384155
2165,-595.75,0.49996182322502136
2166,-668.0,0.7416389584541321
2167,-611.0,0.4523630738258362
2168,-639.5,0.464490681886673
2169,-613.5,0.47086459398269653
2170,-598.0,0.3589458167552948
2171,-575.75,0.35379892587661743
2172,-574.5,0.4797341227531433
2173,-622.5,0.4223148822784424
2174,-594.25,0.48933178186416626
2175,-566.75,0.48141685128211975
2176,-650.75,0.5460427403450012
2177,-575.0,0.42794209718704224
2178,-666.75,0.4513096213340759
2179,-596.75,0.4218684136867523
2180,-652.25,0.637722373008728
2181,-663.75,0.22163018584251404
2182,-579.75,0.35400113463401794
2183,-597.75,0.3381100296974182
2184,-635.0,0.3731093108654022
2185,-586.25,0.3318478763103485
2186,-622.5,0.17839473485946655
2187,-582.0,0.3915058672428131
2188,-693.75,0.2735438346862793
2189,-646.25,0.3317873775959015
2190,-547.5,0.716192364692688
2191,-563.0,0.32810747623443604
2192,-670.75,0.423371821641922
2193,-705.75,0.3303444981575012
2194,-608.25,0.3177577257156372
2195,-547.0,0.6393084526062012
2196,-559.75,0.4024052023887634
2197,-617.5,0.4560600817203522
2198,-560.75,0.529009222984314
2199,-604.5,0.43517178297042847
2200,-660.5,0.4517049789428711
2201,-625.5,0.4566907584667206
2202,-621.0,0.36614006757736206
2203,-656.75,0.33151325583457947
2204,-567.5,0.48279136419296265
2205,-596.0,0.3325561285018921
2206,-591.25,0.6879128217697144
2207,-648.5,0.4582240581512451
2208,-634.25,0.33727848529815674
2209,-709.25,0.46950072050094604
2210,-582.5,0.5916340351104736
2211,-623.75,0.5940629243850708
2212,-541.5,0.5856839418411255
2213,-617.0,0.3649444282054901
2214,-638.5,0.3527710437774658
2215,-595.0,0.5352706909179688
2216,-657.5,0.9651886820793152
2217,-585.5,0.2907786965370178
2218,-550.25,0.4532545208930969
2219,-550.25,0.3927261233329773
2220,-640.5,0.30077436566352844
2221,-640.0,0.397758424282074
2222,-653.25,0.39109006524086
2223,-662.75,0.2607659697532654
2224,-588.75,0.38409215211868286
2225,-700.0,0.4365602731704712
2226,-553.75,0.6297563314437866
2227,-616.25,0.5324691534042358
2228,-626.5,0.3312970995903015
2229,-586.5,0.42738810181617737
2230,-626.25,0.326279878616333
2231,-595.75,0.6463935971260071
2232,-562.5,0.4967779517173767
2233,-639.0,0.3872315585613251
2234,-573.0,0.5513049364089966
2235,-646.75,0.38324248790740967
2236,-651.75,0.35468944907188416
2237,-579.25,0.34029707312583923
2238,-590.25,0.45570695400238037
2239,-624.25,0.5501792430877686
2240,-709.75,0.35077008605003357
2241,-669.25,0.43424826860427856
2242,-594.25,0.3527621030807495
2243,-635.0,0.21867339313030243
2244,-551.25,0.3672558665275574
2245,-660.25,0.26077961921691895
2246,-645.75,0.5323609709739685
2247,-675.25,0.38306695222854614
2248,-666.75,0.3385084271430969
2249,-609.25,0.40948987007141113
2250,-624.75,0.4266667664051056
2251,-599.5,0.4513131380081177
2252,-627.5,0.4012637138366699
2253,-658.5,0.5177650451660156
2254,-565.0,0.7461652755737305
2255,-674.5,0.2749755382537842
2256,-629.75,0.5606441497802734
2257,-629.25,0.3441438376903534
2258,-640.25,1.0764284133911133
2259,-696.25,0.3333490788936615
2260,-593.5,0.30157163739204407
2261,-679.0,0.36230069398880005
2262,-567.5,0.3990795612335205
2263,-644.0,0.2130250185728073
2264,-612.5,0.42875808477401733
2265,-617.75,0.2727137506008148
2266,-672.25,0.4015204608440399
2267,-608.0,0.27185896039009094
2268,-620.5,0.30473044514656067
2269,-631.25,0.2929549217224121
2270,-576.0,0.4728090167045593
2271,-700.0,0.4359768033027649
2272,-570.75,0.29034677147865295
2273,-642.5,0.256792277097702
2274,-566.25,0.4803038537502289
2275,-596.0,0.6087638735771179
2276,-661.5,0.324939101934433
2277,-559.25,0.6155762672424316
2278,-554.5,0.6817932724952698
2279,-662.5,0.6458181738853455
2280,-621.5,0.35360288619995117
2281,-634.25,0.2926828861236572
2282,-598.25,0.3224217891693115
2283,-596.5,0.5439533591270447
2284,-724.75,0.27593010663986206
2285,-623.25,0.32381531596183777
2286,-614.0,0.28216230869293213
2287,-597.0,0.5036065578460693
2288,-650.25,0.27462953329086304
2289,-580.5,0.1716848611831665
2290,-618.25,0.3480003774166107
2291,-618.75,0.3580333888530731
2292,-644.0,0.31933271884918213
2293,-671.0,0.36735835671424866
2294,-597.25,0.44346243143081665
2295,-617.75,0.3905830681324005
2296,-637.5,0.227286696434021
2297,-548.5,0.23658627271652222
2298,-651.0,0.266451358795166
2299,-584.5,0.44039085507392883
2300,-644.0,0.345500111579895
2301,-650.5,0.3013116717338562
2302,-616.75,0.4296066164970398
2303,-655.5,0.5618540644645691
2304,-576.0,0.3879334032535553
2305,-625.5,0.3646889328956604
2306,-664.75,0.2621135115623474
2307,-629.75,0.22041979432106018
2308,-615.5,0.2345239222049713
2309,-597.75,0.354178786277771
2310,-586.0,0.33375829458236694
2311,-551.25,0.453820139169693
2312,-602.25,0.3478553891181946
2313,-603.25,0.6243376135826111
2314,-601.75,0.6324293613433838
2315,-621.5,0.326738178730011
2316,-538.5,0.5278090834617615
2317,-667.5,0.44326120615005493
2318,-611.75,0.31997281312942505
2319,-612.0,0.2551734149456024
2320,-717.5,0.33035707473754883
2321,-662.25,0.20462164282798767
2322,-620.0,0.27260154485702515
2323,-639.5,0.5851734280586243
2324,-543.25,0.38309282064437866
2325,-596.25,0.3571856617927551
2326,-642.25,0.31792810559272766
2327,-616.25,0.18833193182945251
2328,-577.5,0.7050220966339111
2329,-632.75,0.4860430061817169
2330,-618.5,0.1957785189151764
2331,-564.75,0.5993656516075134
2332,-659.75,0.3769727349281311
2333,-612.5,0.3374614119529724
2334,-627.5,0.24161654710769653
2335,-629.0,0.3269577920436859
2336,-625.25,0.3405713737010956
2337,-577.5,0.47130250930786133
2338,-544.0,0.8935601711273193
2339,-588.75,0.5171617269515991
2340,-695.25,0.166288360953331
2341,-599.5,0.3878592252731323
2342,-638.0,0.5194686651229858
2343,-601.25,0.5716811418533325
2344,-682.25,0.43520450592041016
2345,-647.5,0.2917156517505646
2346,-630.5,1.0866864919662476
2347,-670.0,0.3736570179462433
2348,-656.0,0.298321396112442
2349,-637.0,0.4668423533439636
2350,-574.0,0.475183367729187
2351,-617.25,0.35945844650268555
2352,-610.5,0.389028936624527
2353,-679.75,0.24927599728107452
2354,-701.75,0.21721525490283966
2355,-647.0,0.2555058002471924
2356,-586.75,0.27558520436286926
2357,-699.25,0.42715728282928467
2358,-595.0,0.339530348777771
2359,-552.25,0.46620944142341614
2360,-617.25,0.8551735281944275
2361,-666.0,0.3498481810092926
2362,-642.5,0.613080620765686
2363,-594.0,0.3529045581817627
2364,-715.75,0.16363109648227692
2365,-639.0,0.4104534387588501
2366,-661.75,0.5267541408538818
2367,-640.75,0.5144093036651611
2368,-652.5,0.2378726750612259
2369,-646.5,0.2426801323890686
2370,-615.75,0.2973422408103943
2371,-655.0,0.45365437865257263
2372,-622.0,0.39119720458984375
2373,-587.25,0.5101321935653687
2374,-638.5,0.22086575627326965
2375,-574.0,0.4535919427871704
2376,-640.25,0.2453424334526062
2377,-612.5,0.2975059449672699
2378,-628.25,0.3733372390270233
2379,-566.75,0.25794270634651184
2380,-644.25,0.2896179258823395
2381,-690.25,0.3050854206085205
2382,-693.5,0.2701067626476288
2383,-638.25,0.2666163444519043
2384,-534.75,0.8446300029754639
2385,-579.0,0.18289098143577576
2386,-608.75,0.5099907517433167
2387,-632.5,0.3291514217853546
2388,-583.0,0.38669610023498535
2389,-657.5,0.46265289187431335
2390,-646.25,0.223810076713562
2391,-601.5,0.5565752387046814
2392,-633.5,0.5151387453079224
2393,-587.75,0.3769051432609558
2394,-573.0,0.8521146774291992
2395,-598.25,0.4302135705947876
2396,-640.0,0.24921421706676483
2397,-660.75,0.346393346786499
2398,-611.25,0.6725673675537109
2399,-584.25,0.47525709867477417
2400,-600.75,0.3409895896911621
2401,-621.25,0.5194180607795715
2402,-593.25,0.30807924270629883
2403,-568.0,0.2743186950683594
2404,-612.5,0.44760552048683167
2405,-604.5,0.705264687538147
2406,-599.0,0.18551810085773468
2407,-637.5,0.432769775390625
2408,-633.25,0.5670085549354553
2409,-641.5,0.4016883969306946
2410,-546.75,0.6880441904067993
2411,-610.75,0.3322871923446655
2412,-599.25,0.3445466160774231
2413,-586.25,0.32429537177085876
2414,-621.5,0.28652268648147583
2415,-670.75,0.3970806300640106
2416,-527.75,0.4343869090080261
2417,-631.0,0.33511993288993835
2418,-587.5,0.5261698365211487
2419,-617.75,0.5164914727210999
2420,-626.25,0.6977059245109558
2421,-598.0,0.6346035003662109
2422,-713.5,0.3391934931278229
2423,-606.0,0.36245983839035034
2424,-593.0,0.8147742748260498
2425,-507.5,0.7822411060333252
2426,-577.25,0.5222639441490173
2427,-649.0,0.31348276138305664
2428,-595.5,0.7784377336502075
2429,-644.75,0.342547208070755
2430,-567.0,0.3019358515739441
2431,-636.75,0.20167326927185059
2432,-540.75,0.3922150731086731
2433,-640.5,0.2105601578950882
2434,-573.5,0.3232100307941437
2435,-632.0,0.44007712602615356
2436,-582.75,0.44499754905700684
2437,-592.25,0.5991218686103821
2438,-637.75,0.33412253856658936
2439,-688.75,0.4207199215888977
2440,-597.5,0.8526800870895386
2441,-618.75,0.2799696922302246
2442,-679.0,0.3325614333152771
2443,-623.5,0.5235533714294434
2444,-666.75,0.34162425994873047
2445,-640.75,0.42149344086647034
2446,-582.0,0.3102369010448456
2447,-590.25,0.6395145654678345
2448,-610.75,0.4331374168395996
2449,-691.75,0.23508113622665405
2450,-592.0,0.9844288229942322
2451,-613.0,0.4709174633026123
2452,-564.25,0.4932965338230133
2453,-667.25,0.32037752866744995
2454,-644.0,0.6667658090591431
2455,-640.5,0.45647597312927246
2456,-587.25,0.5674017667770386
2457,-660.25,0.25043678283691406
2458,-583.5,0.6768031120300293
2459,-589.25,0.37376755475997925
2460,-607.5,0.5935562252998352
2461,-611.75,0.2765166163444519
2462,-671.0,0.3451847732067108
2463,-596.0,0.3016219735145569
2464,-598.75,0.19351834058761597
2465,-647.5,0.28478097915649414
2466,-640.75,0.42349690198898315
2467,-613.25,0.2165309488773346
2468,-619.5,0.35044485330581665
2469,-606.25,0.5201173424720764
2470,-625.25,0.21371428668498993
2471,-689.5,0.20196397602558136
2472,-579.5,0.3157311975955963
2473,-625.25,0.3390648663043976
2474,-551.5,0.6894107460975647
2475,-610.5,0.4824061393737793
2476,-573.5,0.2738778293132782
2477,-657.75,0.338596910238266
2478,-654.5,0.2995942234992981
2479,-564.5,0.3096260726451874
2480,-578.0,0.505622386932373
2481,-686.0,0.30770719051361084
2482,-633.0,0.4417353868484497
2483,-618.25,0.4754440188407898
2484,-670.5,0.3890529274940491
2485,-632.0,0.380412757396698
2486,-611.75,0.29653415083885193
2487,-655.25,0.37146762013435364
2488,-669.0,0.6339870691299438
2489,-556.25,0.36629146337509155
2490,-590.0,0.34736084938049316
2491,-617.75,0.4048483371734619
2492,-673.0,0.33070996403694153
2493,-623.0,0.5242654085159302
2494,-626.0,0.35554638504981995
2495,-627.75,0.36143481731414795
2496,-667.75,0.3048841655254364
2497,-619.25,0.25157999992370605
2498,-658.25,0.5873239040374756
2499,-599.75,0.5221230983734131
